"AcademicYear","Period","Participation_Intermediate_Under_19","Participation_Intermediate_19-24","Participation_Intermediate_25_and_Above","Participation_Intermediate_Total","Participation_Intermediate_19_and_Above","Participation_Advanced_Under_19","Participation_Advanced_19-24","Participation_Advanced_25_and_Above","Participation_Advanced_Total","Participation_Advanced_19_and_Above","Participation_Higher_Under_19","Participation_Higher_19_24","Participation_Higher_25_and_Above","Participation_Higher_Total","Participation_Higher_19_and_Above","Participation_All_Under_19","Participation_All_19-24","Participation_All_25_and_Above","Participation_All_Total","Participation_All_19_and_Above"
"2008/09","Q1 - Q4","129800","101300","42500","273600","143800","44100","90300","36500","170900","126800","100","200","-","300","200","173900","191800","79100","444800","270900"
"2009/10","Q1 - Q4","140400","114600","49000","304000","163600","45800","94900","44800","185500","139700","200","1400","100","1700","1500","186400","210900","93900","491300","304800"
"2010/11","Q1 - Q4","150000","141300","123900","415200","265300","52900","108100","86100","247200","194300","300","2400","800","3500","3200","203100","251900","210900","665900","462800"
"2011/12","Q1","88400","101100","119200","308600","220300","34400","85100","80600","200100","165700","200","2200","1200","3500","3300","121300","186400","200200","507900","386600"
"2011/12","Q1 - Q2","106700","119300","145300","371400","264700","40100","95700","99300","235200","195100","200","2400","1500","4100","3800","143800","213800","244400","602000","458200"
"2011/12","Q1 - Q3","124800","139400","173000","437200","312400","45600","106600","119600","271700","226200","300","2700","1800","4900","4600","165200","242600","291400","699200","534100"
"2011/12","Q1 - Q4","144200","159100","203000","506200","362100","53300","118900","144800","317000","263700","500","2900","2300","5700","5200","189600","272100","344800","806500","616900"
"2012/13","Q1","84100","111400","130500","326000","242000","36000","95000","114500","245500","209500","400","2800","2500","5700","5300","118700","206800","246500","572000","453300"
"2012/13","Q1 - Q2","99700","130100","151800","381600","281900","41600","105700","131800","279000","237400","500","3200","3300","7000","6400","138600","234500","284600","657700","519100"
"2012/13","Q1 - Q3","114500","149100","173700","437300","322800","47200","117500","150900","315500","268300","600","3600","4900","9200","8600","157400","263500","325700","746700","589300"
"2012/13","Q1 - Q4","132600","167200","201900","501700","369100","54800","132500","189700","377000","322200","800","4200","8000","13000","12200","181300","294500","392900","868700","687400"
"2013/14","Q1","83300","120500","120500","324300","241000","36700","101500","116600","254800","218100","600","4100","6600","11400","10800","118400","222900","243600","584900","466500"
"2013/14","Q1 - Q2","98000","138000","139800","375800","277800","41900","110300","118500","270700","228800","700","4400","6700","11800","11100","137100","247700","264700","649500","512400"
