"Institution_Type","Hybrid_End_Year","Age","Apprenticeship_Level","Apprenticeship_Type","Overall_Leavers","Overall_Success_Rate_%"
"General FE and Tertiary College","2011/12","16-18","2","Intermediate","27780","71.8"
"General FE and Tertiary College","2011/12","16-18","3","Advanced","10090","74.4"
"General FE and Tertiary College","2011/12","16-18","4+","Higher","-","68.0"
"General FE and Tertiary College","2011/12","16-18","All","All Levels","37890","72.5"
"General FE and Tertiary College","2011/12","19-23","2","Intermediate","14540","72.6"
"General FE and Tertiary College","2011/12","19-23","3","Advanced","9850","76.9"
"General FE and Tertiary College","2011/12","19-23","4+","Higher","190","75.4"
"General FE and Tertiary College","2011/12","19-23","All","All Levels","24580","74.3"
"General FE and Tertiary College","2011/12","24+","2","Intermediate","21260","75.6"
"General FE and Tertiary College","2011/12","24+","3","Advanced","10880","73.4"
"General FE and Tertiary College","2011/12","24+","4+","Higher","170","69.9"
"General FE and Tertiary College","2011/12","24+","All","All Levels","32310","74.8"
"General FE and Tertiary College","2011/12","All Age","2","Intermediate","63580","73.3"
"General FE and Tertiary College","2011/12","All Age","3","Advanced","30810","74.8"
"General FE and Tertiary College","2011/12","All Age","4+","Higher","390","72.5"
"General FE and Tertiary College","2011/12","All Age","All","All Levels","94780","73.8"
"General FE and Tertiary College","2012/13","16-18","2","Intermediate","23440","72.6"
"General FE and Tertiary College","2012/13","16-18","3","Advanced","8830","72.1"
"General FE and Tertiary College","2012/13","16-18","4+","Higher","50","66.7"
"General FE and Tertiary College","2012/13","16-18","All","All Levels","32320","72.5"
"General FE and Tertiary College","2012/13","19-23","2","Intermediate","16460","72.9"
"General FE and Tertiary College","2012/13","19-23","3","Advanced","11040","73.9"
"General FE and Tertiary College","2012/13","19-23","4+","Higher","290","70.1"
"General FE and Tertiary College","2012/13","19-23","All","All Levels","27790","73.3"
"General FE and Tertiary College","2012/13","24+","2","Intermediate","31790","73.2"
"General FE and Tertiary College","2012/13","24+","3","Advanced","20580","70.4"
"General FE and Tertiary College","2012/13","24+","4+","Higher","370","67.3"
"General FE and Tertiary College","2012/13","24+","All","All Levels","52740","72.1"
"General FE and Tertiary College","2012/13","All Age","2","Intermediate","71690","73.0"
"General FE and Tertiary College","2012/13","All Age","3","Advanced","40440","71.7"
"General FE and Tertiary College","2012/13","All Age","4+","Higher","700","68.4"
"General FE and Tertiary College","2012/13","All Age","All","All Levels","112840","72.5"
"General FE and Tertiary College","2013/14","16-18","2","Intermediate","24140","71.5"
"General FE and Tertiary College","2013/14","16-18","3","Advanced","10240","73.2"
"General FE and Tertiary College","2013/14","16-18","4+","Higher","110","61.6"
"General FE and Tertiary College","2013/14","16-18","All","All Levels","34490","72.0"
"General FE and Tertiary College","2013/14","19-23","2","Intermediate","19340","71.4"
"General FE and Tertiary College","2013/14","19-23","3","Advanced","12970","74.0"
"General FE and Tertiary College","2013/14","19-23","4+","Higher","440","71.4"
"General FE and Tertiary College","2013/14","19-23","All","All Levels","32760","72.4"
"General FE and Tertiary College","2013/14","24+","2","Intermediate","28490","68.7"
"General FE and Tertiary College","2013/14","24+","3","Advanced","24060","67.0"
"General FE and Tertiary College","2013/14","24+","4+","Higher","1050","66.7"
"General FE and Tertiary College","2013/14","24+","All","All Levels","53590","67.9"
"General FE and Tertiary College","2013/14","All Age","2","Intermediate","71970","70.3"
"General FE and Tertiary College","2013/14","All Age","3","Advanced","47260","70.3"
"General FE and Tertiary College","2013/14","All Age","4+","Higher","1600","67.7"
"General FE and Tertiary College","2013/14","All Age","All","All Levels","120830","70.3"
"Other Public Funded","2011/12","16-18","2","Intermediate","7530","74.6"
"Other Public Funded","2011/12","16-18","3","Advanced","1680","83.1"
"Other Public Funded","2011/12","16-18","All","All Levels","9210","76.2"
"Other Public Funded","2011/12","19-23","2","Intermediate","5790","85.4"
"Other Public Funded","2011/12","19-23","3","Advanced","3140","86.0"
"Other Public Funded","2011/12","19-23","All","All Levels","8930","85.6"
"Other Public Funded","2011/12","24+","2","Intermediate","3260","86.0"
"Other Public Funded","2011/12","24+","3","Advanced","2190","84.2"
"Other Public Funded","2011/12","24+","All","All Levels","5450","85.3"
"Other Public Funded","2011/12","All Age","2","Intermediate","16580","80.6"
"Other Public Funded","2011/12","All Age","3","Advanced","7000","84.7"
"Other Public Funded","2011/12","All Age","All","All Levels","23580","81.9"
"Other Public Funded","2012/13","16-18","2","Intermediate","6280","70.8"
"Other Public Funded","2012/13","16-18","3","Advanced","1490","79.2"
"Other Public Funded","2012/13","16-18","All","All Levels","7770","72.4"
"Other Public Funded","2012/13","19-23","2","Intermediate","4650","83.9"
"Other Public Funded","2012/13","19-23","3","Advanced","2890","84.0"
"Other Public Funded","2012/13","19-23","All","All Levels","7540","83.9"
"Other Public Funded","2012/13","24+","2","Intermediate","3090","81.5"
"Other Public Funded","2012/13","24+","3","Advanced","3060","77.8"
"Other Public Funded","2012/13","24+","All","All Levels","6150","79.6"
"Other Public Funded","2012/13","All Age","2","Intermediate","14020","77.5"
"Other Public Funded","2012/13","All Age","3","Advanced","7440","80.5"
"Other Public Funded","2012/13","All Age","All","All Levels","21460","78.5"
"Other Public Funded","2013/14","16-18","2","Intermediate","6170","73.2"
"Other Public Funded","2013/14","16-18","3","Advanced","1540","73.9"
"Other Public Funded","2013/14","16-18","All","All Levels","7710","73.4"
"Other Public Funded","2013/14","19-23","2","Intermediate","6530","79.2"
"Other Public Funded","2013/14","19-23","3","Advanced","2990","82.0"
"Other Public Funded","2013/14","19-23","4+","Higher","-","50.0"
"Other Public Funded","2013/14","19-23","All","All Levels","9530","80.1"
"Other Public Funded","2013/14","24+","2","Intermediate","3510","75.2"
"Other Public Funded","2013/14","24+","3","Advanced","3680","76.7"
"Other Public Funded","2013/14","24+","4+","Higher","70","86.8"
"Other Public Funded","2013/14","24+","All","All Levels","7260","76.1"
"Other Public Funded","2013/14","All Age","2","Intermediate","16220","76.1"
"Other Public Funded","2013/14","All Age","3","Advanced","8210","78.1"
"Other Public Funded","2013/14","All Age","4+","Higher","70","83.8"
"Other Public Funded","2013/14","All Age","All","All Levels","24500","76.8"
"Private Sector Public Funded","2011/12","16-18","2","Intermediate","46490","71.4"
"Private Sector Public Funded","2011/12","16-18","3","Advanced","18870","77.0"
"Private Sector Public Funded","2011/12","16-18","4+","Higher","90","62.6"
"Private Sector Public Funded","2011/12","16-18","All","All Levels","65450","73.0"
"Private Sector Public Funded","2011/12","19-23","2","Intermediate","45280","74.2"
"Private Sector Public Funded","2011/12","19-23","3","Advanced","23890","77.5"
"Private Sector Public Funded","2011/12","19-23","4+","Higher","830","73.9"
"Private Sector Public Funded","2011/12","19-23","All","All Levels","70000","75.3"
"Private Sector Public Funded","2011/12","24+","2","Intermediate","68590","69.7"
"Private Sector Public Funded","2011/12","24+","3","Advanced","33740","75.2"
"Private Sector Public Funded","2011/12","24+","4+","Higher","390","72.4"
"Private Sector Public Funded","2011/12","24+","All","All Levels","102720","71.5"
"Private Sector Public Funded","2011/12","All Age","2","Intermediate","160360","71.5"
"Private Sector Public Funded","2011/12","All Age","3","Advanced","76490","76.4"
"Private Sector Public Funded","2011/12","All Age","4+","Higher","1310","72.7"
"Private Sector Public Funded","2011/12","All Age","All","All Levels","238170","73.1"
"Private Sector Public Funded","2012/13","16-18","2","Intermediate","34900","67.4"
"Private Sector Public Funded","2012/13","16-18","3","Advanced","15970","77.5"
"Private Sector Public Funded","2012/13","16-18","4+","Higher","110","81.1"
"Private Sector Public Funded","2012/13","16-18","All","All Levels","50980","70.6"
"Private Sector Public Funded","2012/13","19-23","2","Intermediate","40540","69.5"
"Private Sector Public Funded","2012/13","19-23","3","Advanced","24960","73.6"
"Private Sector Public Funded","2012/13","19-23","4+","Higher","850","77.8"
"Private Sector Public Funded","2012/13","19-23","All","All Levels","66350","71.1"
"Private Sector Public Funded","2012/13","24+","2","Intermediate","65100","73.2"
"Private Sector Public Funded","2012/13","24+","3","Advanced","47770","71.0"
"Private Sector Public Funded","2012/13","24+","4+","Higher","620","59.6"
"Private Sector Public Funded","2012/13","24+","All","All Levels","113490","72.2"
"Private Sector Public Funded","2012/13","All Age","2","Intermediate","140530","70.7"
"Private Sector Public Funded","2012/13","All Age","3","Advanced","88710","72.9"
"Private Sector Public Funded","2012/13","All Age","4+","Higher","1590","70.9"
"Private Sector Public Funded","2012/13","All Age","All","All Levels","230820","71.5"
"Private Sector Public Funded","2013/14","16-18","2","Intermediate","34020","67.4"
"Private Sector Public Funded","2013/14","16-18","3","Advanced","14540","76.3"
"Private Sector Public Funded","2013/14","16-18","4+","Higher","160","70.9"
"Private Sector Public Funded","2013/14","16-18","All","All Levels","48720","70.0"
"Private Sector Public Funded","2013/14","19-23","2","Intermediate","40190","65.6"
"Private Sector Public Funded","2013/14","19-23","3","Advanced","26240","71.0"
"Private Sector Public Funded","2013/14","19-23","4+","Higher","830","79.4"
"Private Sector Public Funded","2013/14","19-23","All","All Levels","67260","67.9"
"Private Sector Public Funded","2013/14","24+","2","Intermediate","56540","67.7"
"Private Sector Public Funded","2013/14","24+","3","Advanced","50660","63.3"
"Private Sector Public Funded","2013/14","24+","4+","Higher","1030","69.8"
"Private Sector Public Funded","2013/14","24+","All","All Levels","108220","65.6"
"Private Sector Public Funded","2013/14","All Age","2","Intermediate","130740","66.9"
"Private Sector Public Funded","2013/14","All Age","3","Advanced","91440","67.6"
"Private Sector Public Funded","2013/14","All Age","4+","Higher","2020","73.8"
"Private Sector Public Funded","2013/14","All Age","All","All Levels","224200","67.3"
"Schools","2011/12","16-18","2","Intermediate","-","59.1"
"Schools","2011/12","16-18","All","All Levels","-","57.7"
"Schools","2011/12","19-23","2","Intermediate","-","44.4"
"Schools","2011/12","19-23","All","All Levels","-","36.4"
"Schools","2011/12","24+","2","Intermediate","-","62.5"
"Schools","2011/12","24+","3","Advanced","-","52.4"
"Schools","2011/12","24+","All","All Levels","-","55.2"
"Schools","2011/12","All Age","2","Intermediate","40","56.4"
"Schools","2011/12","All Age","3","Advanced","-","48.1"
"Schools","2011/12","All Age","All","All Levels","70","53.0"
"Schools","2012/13","16-18","2","Intermediate","-","60.0"
"Schools","2012/13","16-18","All","All Levels","-","61.1"
"Schools","2012/13","19-23","2","Intermediate","-","55.6"
"Schools","2012/13","19-23","3","Advanced","-","66.7"
"Schools","2012/13","19-23","All","All Levels","-","60.0"
"Schools","2012/13","24+","3","Advanced","-","45.0"
"Schools","2012/13","24+","All","All Levels","-","50.0"
"Schools","2012/13","All Age","2","Intermediate","-","60.7"
"Schools","2012/13","All Age","3","Advanced","-","51.7"
"Schools","2012/13","All Age","All","All Levels","60","56.1"
"Schools","2013/14","16-18","All","All Levels","-",".0"
"Schools","2013/14","All Age","3","Advanced","-",".0"
"Schools","2013/14","All Age","All","All Levels","-",".0"
"Sixth Form College","2011/12","16-18","2","Intermediate","290","80.3"
"Sixth Form College","2011/12","16-18","3","Advanced","90","80.2"
"Sixth Form College","2011/12","16-18","All","All Levels","380","80.4"
"Sixth Form College","2011/12","19-23","2","Intermediate","170","76.3"
"Sixth Form College","2011/12","19-23","3","Advanced","90","76.4"
"Sixth Form College","2011/12","19-23","4+","Higher","-","100.0"
"Sixth Form College","2011/12","19-23","All","All Levels","260","76.9"
"Sixth Form College","2011/12","24+","2","Intermediate","200","82.0"
"Sixth Form College","2011/12","24+","3","Advanced","140","78.8"
"Sixth Form College","2011/12","24+","4+","Higher","-","20.0"
"Sixth Form College","2011/12","24+","All","All Levels","340","79.8"
"Sixth Form College","2011/12","All Age","2","Intermediate","660","79.8"
"Sixth Form College","2011/12","All Age","3","Advanced","310","78.5"
"Sixth Form College","2011/12","All Age","4+","Higher","-","69.2"
"Sixth Form College","2011/12","All Age","All","All Levels","980","79.2"
"Sixth Form College","2012/13","16-18","2","Intermediate","250","76.7"
"Sixth Form College","2012/13","16-18","3","Advanced","80","74.1"
"Sixth Form College","2012/13","16-18","All","All Levels","330","76.3"
"Sixth Form College","2012/13","19-23","2","Intermediate","150","68.9"
"Sixth Form College","2012/13","19-23","3","Advanced","110","71.9"
"Sixth Form College","2012/13","19-23","4+","Higher","-","75.0"
"Sixth Form College","2012/13","19-23","All","All Levels","270","70.3"
"Sixth Form College","2012/13","24+","2","Intermediate","210","84.4"
"Sixth Form College","2012/13","24+","3","Advanced","300","78.5"
"Sixth Form College","2012/13","24+","All","All Levels","510","81.0"
"Sixth Form College","2012/13","All Age","2","Intermediate","600","77.4"
"Sixth Form College","2012/13","All Age","3","Advanced","490","76.2"
"Sixth Form College","2012/13","All Age","4+","Higher","-","85.7"
"Sixth Form College","2012/13","All Age","All","All Levels","1110","77.0"
"Sixth Form College","2013/14","16-18","2","Intermediate","250","66.1"
"Sixth Form College","2013/14","16-18","3","Advanced","160","79.0"
"Sixth Form College","2013/14","16-18","All","All Levels","410","71.0"
"Sixth Form College","2013/14","19-23","2","Intermediate","170","71.1"
"Sixth Form College","2013/14","19-23","3","Advanced","130","65.9"
"Sixth Form College","2013/14","19-23","4+","Higher","-","66.7"
"Sixth Form College","2013/14","19-23","All","All Levels","320","68.8"
"Sixth Form College","2013/14","24+","2","Intermediate","100","70.7"
"Sixth Form College","2013/14","24+","3","Advanced","140","68.6"
"Sixth Form College","2013/14","24+","All","All Levels","240","69.5"
"Sixth Form College","2013/14","All Age","2","Intermediate","520","68.7"
"Sixth Form College","2013/14","All Age","3","Advanced","430","71.6"
"Sixth Form College","2013/14","All Age","4+","Higher","-","66.7"
"Sixth Form College","2013/14","All Age","All","All Levels","970","69.9"
"Specialist College","2011/12","16-18","2","Intermediate","1640","73.4"
"Specialist College","2011/12","16-18","3","Advanced","310","76.7"
"Specialist College","2011/12","16-18","All","All Levels","1940","74.0"
"Specialist College","2011/12","19-23","2","Intermediate","580","73.9"
"Specialist College","2011/12","19-23","3","Advanced","280","77.8"
"Specialist College","2011/12","19-23","All","All Levels","850","75.1"
"Specialist College","2011/12","24+","2","Intermediate","350","70.4"
"Specialist College","2011/12","24+","3","Advanced","210","74.6"
"Specialist College","2011/12","24+","All","All Levels","560","72.0"
"Specialist College","2011/12","All Age","2","Intermediate","2560","73.1"
"Specialist College","2011/12","All Age","3","Advanced","790","76.5"
"Specialist College","2011/12","All Age","All","All Levels","3360","73.9"
"Specialist College","2012/13","16-18","2","Intermediate","1170","73.8"
"Specialist College","2012/13","16-18","3","Advanced","250","84.4"
"Specialist College","2012/13","16-18","All","All Levels","1420","75.7"
"Specialist College","2012/13","19-23","2","Intermediate","590","74.9"
"Specialist College","2012/13","19-23","3","Advanced","280","78.3"
"Specialist College","2012/13","19-23","All","All Levels","870","76.0"
"Specialist College","2012/13","24+","2","Intermediate","530","75.7"
"Specialist College","2012/13","24+","3","Advanced","350","73.6"
"Specialist College","2012/13","24+","All","All Levels","870","74.9"
"Specialist College","2012/13","All Age","2","Intermediate","2280","74.5"
"Specialist College","2012/13","All Age","3","Advanced","870","78.2"
"Specialist College","2012/13","All Age","All","All Levels","3160","75.5"
"Specialist College","2013/14","16-18","2","Intermediate","1050","73.6"
"Specialist College","2013/14","16-18","3","Advanced","310","75.8"
"Specialist College","2013/14","16-18","All","All Levels","1360","74.1"
"Specialist College","2013/14","19-23","2","Intermediate","640","72.9"
"Specialist College","2013/14","19-23","3","Advanced","400","78.3"
"Specialist College","2013/14","19-23","All","All Levels","1040","75.0"
"Specialist College","2013/14","24+","2","Intermediate","380","75.2"
"Specialist College","2013/14","24+","3","Advanced","520","73.3"
"Specialist College","2013/14","24+","All","All Levels","910","74.1"
"Specialist College","2013/14","All Age","2","Intermediate","2070","73.7"
"Specialist College","2013/14","All Age","3","Advanced","1230","75.5"
"Specialist College","2013/14","All Age","All","All Levels","3300","74.4"
"All Institution Type","2011/12","16-18","2","Intermediate","83750","71.9"
"All Institution Type","2011/12","16-18","3","Advanced","31030","76.5"
"All Institution Type","2011/12","16-18","4+","Higher","120","64.4"
"All Institution Type","2011/12","16-18","All","All Levels","114890","73.1"
"All Institution Type","2011/12","19-23","2","Intermediate","66370","74.8"
"All Institution Type","2011/12","19-23","3","Advanced","37240","78.0"
"All Institution Type","2011/12","19-23","4+","Higher","1030","74.2"
"All Institution Type","2011/12","19-23","All","All Levels","104640","76.0"
"All Institution Type","2011/12","24+","2","Intermediate","93660","71.7"
"All Institution Type","2011/12","24+","3","Advanced","47170","75.2"
"All Institution Type","2011/12","24+","4+","Higher","570","71.2"
"All Institution Type","2011/12","24+","All","All Levels","141400","72.8"
"All Institution Type","2011/12","All Age","2","Intermediate","243780","72.6"
"All Institution Type","2011/12","All Age","3","Advanced","115440","76.5"
"All Institution Type","2011/12","All Age","4+","Higher","1720","72.6"
"All Institution Type","2011/12","All Age","All","All Levels","360930","73.8"
"All Institution Type","2012/13","16-18","2","Intermediate","66050","69.7"
"All Institution Type","2012/13","16-18","3","Advanced","26630","75.9"
"All Institution Type","2012/13","16-18","4+","Higher","160","77.4"
"All Institution Type","2012/13","16-18","All","All Levels","92840","71.5"
"All Institution Type","2012/13","19-23","2","Intermediate","62390","71.5"
"All Institution Type","2012/13","19-23","3","Advanced","39290","74.5"
"All Institution Type","2012/13","19-23","4+","Higher","1150","75.7"
"All Institution Type","2012/13","19-23","All","All Levels","102830","72.7"
"All Institution Type","2012/13","24+","2","Intermediate","100710","73.5"
"All Institution Type","2012/13","24+","3","Advanced","72070","71.2"
"All Institution Type","2012/13","24+","4+","Higher","990","62.6"
"All Institution Type","2012/13","24+","All","All Levels","173770","72.5"
"All Institution Type","2012/13","All Age","2","Intermediate","229150","71.9"
"All Institution Type","2012/13","All Age","3","Advanced","137980","73.0"
"All Institution Type","2012/13","All Age","4+","Higher","2310","70.2"
"All Institution Type","2012/13","All Age","All","All Levels","369440","72.3"
"All Institution Type","2013/14","16-18","2","Intermediate","65640","69.5"
"All Institution Type","2013/14","16-18","3","Advanced","26780","75.0"
"All Institution Type","2013/14","16-18","4+","Higher","270","66.9"
"All Institution Type","2013/14","16-18","All","All Levels","92690","71.1"
"All Institution Type","2013/14","19-23","2","Intermediate","66870","68.7"
"All Institution Type","2013/14","19-23","3","Advanced","42740","72.7"
"All Institution Type","2013/14","19-23","4+","Higher","1290","76.4"
"All Institution Type","2013/14","19-23","All","All Levels","110900","70.3"
"All Institution Type","2013/14","24+","2","Intermediate","89020","68.3"
"All Institution Type","2013/14","24+","3","Advanced","79060","65.1"
"All Institution Type","2013/14","24+","4+","Higher","2150","68.8"
"All Institution Type","2013/14","24+","All","All Levels","170230","66.8"
"All Institution Type","2013/14","All Age","2","Intermediate","221520","68.8"
"All Institution Type","2013/14","All Age","3","Advanced","148580","69.1"
"All Institution Type","2013/14","All Age","4+","Higher","3720","71.3"
"All Institution Type","2013/14","All Age","All","All Levels","373820","68.9"
